,movie wallpaper
jurassic park,https://images7.alphacoders.com/592/thumb-1920-592106.jpg
The Hobbit: An Unexpected Journey,https://images4.alphacoders.com/289/thumb-1920-289924.jpg
The Lord of the Rings: The Fellowship of the Ring,https://images4.alphacoders.com/860/thumb-1920-86098.jpg
The Lord of the Rings: The Two Towers,https://images8.alphacoders.com/434/thumb-1920-434807.jpg
The Lord of the Rings: The Return of the King,https://images7.alphacoders.com/112/thumb-1920-1123161.jpg
big hero 6,https://images7.alphacoders.com/555/thumb-1920-555837.jpg
a hitchhiker's guide to the galaxy,https://images3.alphacoders.com/124/thumb-1920-124799.jpg
men in black,https://images4.alphacoders.com/696/thumb-1920-696823.jpg
Men in Black II,https://images2.alphacoders.com/807/thumb-1920-807448.jpg
Men in Black 3,https://images.alphacoders.com/513/thumb-1920-513767.jpg
up,https://images2.alphacoders.com/437/thumb-1920-437561.jpg
aladdin,https://images3.alphacoders.com/255/thumb-1920-255255.jpg
avengers endgame,https://images8.alphacoders.com/100/thumb-1920-1003220.png
avengers infinity war,https://images7.alphacoders.com/857/thumb-1920-857340.jpg
butterfly effect,https://images3.alphacoders.com/120/thumb-1920-120529.jpg
transformers,https://images2.alphacoders.com/424/thumb-1920-42470.jpg
X-Men Origins: Wolverine,https://images6.alphacoders.com/610/thumb-1920-610214.jpg
american psycho,https://images4.alphacoders.com/586/thumb-1920-58686.jpg
meet the parents,https://images5.alphacoders.com/807/thumb-1920-807432.jpg
the lion king,https://images7.alphacoders.com/474/thumb-1920-474234.jpg
narnia,https://images4.alphacoders.com/614/thumb-1920-614309.jpg
